<?xml version="1.0" encoding="UTF-8"?>
<!DOCTYPE mapper PUBLIC "-//mybatis.org//DTD Mapper 3.0//EN"
"http://mybatis.org/dtd/mybatis-3-mapper.dtd">

<mapper namespace="Bbs">

<select id="bbslist" parameterType="ssg.com.a.dto.BbsParam" resultType="ssg.com.a.dto.BbsDto">
	select seq, id, ref, step, depth, title, content, wdate, del, readcount from bbs
	<if test="choice != null and choice != '' and search != null and search != ''">
		<if test="choice == 'title'">
			where title like concat('%', #{search}, '%')
		</if>
		<if test="choice == 'content'">
			where content like concat('%', #{search}, '%')
		</if>
		<if test="choice == 'writer'">
			where id=#{search}
		</if>
	</if>
	order by ref desc, step asc
	limit ${(pageNumber * 10)}, 10
</select>

<!-- 글의 총수 -->
<select id="allbbs" parameterType="ssg.com.a.dto.BbsParam" resultType="Integer">
	select count(*) from bbs
		<if test="choice != null and choice != '' and search != null and search != ''">
		<if test="choice == 'title'">
			where title like concat('%', #{search}, '%')
		</if>
		<if test="choice == 'content'">
			where content like concat('%', #{search}, '%')
		</if>
		<if test="choice == 'writer'">
			where id=#{search}
		</if>
	</if>
</select>

<insert id="bbswrite" parameterType="ssg.com.a.dto.BbsDto">
	insert into bbs(id, ref, step, depth, title, content, wdate, del, readcount)
	values(#{id}, (select ifnull(max(ref), 0) + 1 from bbs b), 0, 0, #{title}, #{content}, now(), 0, 0 )
</insert>

<select id="getbbs" parameterType="Integer" resultType="ssg.com.a.dto.BbsDto">
	select seq, id, ref, step, depth, title, content, wdate, del, readcount from bbs
	where seq=#{seq}
</select>

<update id="readcount" parameterType="Integer">
	update bbs
	set readcount=readcount+1
	where seq=#{seq}
</update>

<update id="bbsupdate" parameterType="ssg.com.a.dto.BbsDto">
	update bbs
	set title=#{title}, content=#{content}
	where seq=#{seq}
</update>

<update id="bbsdelete" parameterType="Integer">
	update bbs
	set del=1
	where seq=#{seq}
</update>

<!-- 답글 -->

<insert id="answerinsert" parameterType="ssg.com.a.dto.BbsDto">
	insert into bbs( id, ref, step, depth, title, content, wdate, del, readcount)
	values ( 
	#{id}, 
	(select ref from bbs a where seq=#{seq}),
	(select step from bbs b where seq=#{seq}) + 1,
	(select depth from bbs c where seq=#{seq}) + 1,
	#{title}, #{content}, now(), 0, 0
	)
</insert>

<!-- 댓글 -->
<!-- 댓글 추가 -->
<insert id="commentwrite" parameterType="ssg.com.a.dto.BbsComment">
	insert into bbscomment(seq, id, content, wdate) values (#{seq}, #{id}, #{content}, now())
</insert>

<!-- 댓글 목록 -->
<select id="commentlist" parameterType="Integer" resultType="ssg.com.a.dto.BbsComment">
	select seq, id, content, wdate from bbscomment
	where seq=#{seq}
	order by wdate desc
</select>

</mapper>