<?xml version="1.0" encoding="UTF-8"?>
<!DOCTYPE mapper PUBLIC "-//mybatis.org//DTD Mapper 3.0//EN"
"http://mybatis.org/dtd/mybatis-3-mapper.dtd">

<mapper namespace="Member">

<select id="idcheck" parameterType="String" resultType="Integer">
	select count(*) from member where id=#{id}
</select>

<insert id="addmember" parameterType="ssg.com.a.dto.MemberDto">
	insert into member(id, pw, name, email, auth) values (#{id}, #{pw}, #{name}, #{email}, 3);
</insert>

<select id="login" parameterType="ssg.com.a.dto.MemberDto" resultType="ssg.com.a.dto.MemberDto">
	select id, name, email, auth from member where id=#{id} and pw=#{pw} 
</select>

<select id="naverlogin" parameterType="ssg.com.a.dto.MemberDto" resultType="ssg.com.a.dto.MemberDto">
	select id, name, email, auth from member where email=#{email}
</select>
</mapper>