<?xml version="1.0" encoding="UTF-8"?>
<beans xmlns="http://www.springframework.org/schema/beans"
	xmlns:xsi="http://www.w3.org/2001/XMLSchema-instance"
	xsi:schemaLocation="http://www.springframework.org/schema/beans http://www.springframework.org/schema/beans/spring-beans.xsd">

	<!-- upload -->
	<bean id="multipartResolver" class="org.springframework.web.multipart.commons.CommonsMultipartResolver">
		<property name="maxUploadSize" value="104857600"></property>
		<property name="maxInMemorySize" value="102400"></property>
		<property name="defaultEncoding" value="utf-8"></property>
		<property name="uploadTempDir" value="upload"></property>
	</bean>
	
	<!-- download -->
	<bean id="downloadView" class="util.DownloadView"></bean>
	
	<bean id="downloadResolver" class="org.springframework.web.servlet.view.BeanNameViewResolver">
		<property name="order">
			<value>0</value>
		</property>
	</bean>
</beans>





